entry_date,exit_date,entry_price,exit_price,bars_held,return_pct
1986-08-04,1986-08-08,142.52,142.29,4,-0.201
1987-03-30,1987-04-02,183.84,187.66,3,2.04
1987-04-14,1987-04-16,179.73,183.74,2,2.196
1987-05-19,1987-05-26,181.46,185.17,4,2.001
1987-06-30,1987-07-02,189.24,190.38,2,0.565
1987-09-04,1987-09-10,204.06,205.16,3,0.501
1987-09-21,1987-09-22,197.26,201.43,1,2.073
1987-10-12,1987-10-16,199.62,183.29,4,-8.222
1988-05-10,1988-05-13,174.32,173.85,3,-0.312
1988-07-21,1988-07-29,182.4,181.16,6,-0.722
1988-08-09,1988-08-17,177.27,172.9,6,-2.501
1989-06-15,1989-06-22,213.09,212.22,5,-0.448
1989-06-29,1989-07-06,206.77,207.67,4,0.395
1989-10-13,1989-10-19,224.66,231.53,4,3.014
1989-10-26,1989-10-31,222.05,222.62,3,0.212
1989-12-12,1989-12-20,217.8,213.24,6,-2.137
1990-01-10,1990-01-16,216.55,211.91,4,-2.182
1990-07-20,1990-08-03,232.44,212.6,10,-8.57
1991-04-30,1991-05-02,263.65,266.52,2,1.044
1991-05-15,1991-05-21,258.11,261.26,4,1.178
1991-06-07,1991-06-14,270.57,267.8,5,-1.063
1991-06-24,1991-06-27,250.88,255.26,3,1.701
1991-09-05,1991-09-11,280.73,279.65,4,-0.425
1991-10-07,1991-10-10,278.89,279.11,3,0.039
1991-10-24,1991-10-29,285.65,290.08,3,1.512
1992-01-21,1992-01-22,328.04,346.32,1,5.53
1992-03-05,1992-03-10,337.52,340.32,3,0.789
1992-03-27,1992-04-06,324.22,324.55,6,0.062
1992-12-14,1992-12-17,349.4,356.85,3,2.088
1993-02-08,1993-02-11,365.73,366.33,3,0.124
1993-02-16,1993-02-24,346.89,350.12,6,0.892
1993-03-19,1993-03-25,351.55,354.38,4,0.762
1993-06-08,1993-06-11,360.74,363.08,3,0.607
1993-06-18,1993-06-24,357.96,357.83,4,-0.078
1993-08-26,1993-08-30,364.67,369.3,2,1.231
1993-11-22,1993-11-23,373.37,381.22,1,2.062
1994-02-04,1994-02-09,397.48,403.91,3,1.577
1994-03-24,1994-04-05,403.92,389.31,7,-3.656
1994-09-23,1994-09-28,390.2,391.97,3,0.413
1994-11-04,1994-11-08,401.46,407.44,2,1.449
1994-11-22,1994-11-28,397.93,403.82,3,1.44
1994-12-08,1994-12-14,386.3,391.65,4,1.344
1995-09-26,1995-09-28,580.77,595.44,2,2.485
1995-11-20,1995-11-24,571.67,578.32,3,1.123
1995-12-18,1995-12-19,548.04,575.01,1,4.879
1996-03-01,1996-03-05,604.76,615.88,2,1.798
1996-04-11,1996-04-15,604.07,611.08,2,1.12
1996-05-29,1996-05-31,677.09,692.39,2,2.219
1996-06-18,1996-06-21,666.07,672.53,3,0.929
1996-07-12,1996-07-17,635.06,631.3,3,-0.632
1996-10-22,1996-10-23,736.64,749.7,1,1.732
1997-02-21,1997-02-25,864.28,882.04,2,2.014
1997-03-18,1997-03-26,827.57,834.38,6,0.783
1997-06-03,1997-06-06,929.81,944.99,3,1.592
1997-08-12,1997-08-14,1090.78,1103.51,2,1.127
1997-08-28,1997-09-02,1070.57,1102.75,2,2.965
1997-10-16,1997-10-21,1099.38,1110.55,3,0.976
1997-10-27,1997-10-31,978.13,1019.62,4,4.2
1998-03-05,1998-03-11,1126.83,1153.87,4,2.359
1998-05-26,1998-05-28,1200.12,1214.83,2,1.185
1998-07-23,1998-07-27,1405.8,1426.37,2,1.423
1998-08-28,1998-08-31,1265.04,1140.34,1,-9.893
1998-10-01,1998-10-07,1273.74,1151.09,4,-9.665
1999-04-14,1999-04-21,2103.63,2105.82,5,0.064
1999-05-25,1999-05-28,1999.04,2089.7,3,4.493
2000-03-15,2000-03-16,4130.01,4353.33,1,5.365
2000-03-30,2000-04-07,4250.19,4291.53,6,0.932
2000-04-14,2000-04-18,3207.96,3715.81,2,15.785
2003-03-31,2003-04-02,1018.66,1063.46,2,4.356
2003-06-24,2003-06-26,1191.7,1214.58,2,1.879
2003-08-06,2003-08-11,1215.13,1223.14,3,0.619
2003-11-18,2003-11-24,1364.7,1419.31,4,3.96
2004-03-10,2004-03-12,1417.5,1431.4,2,0.94
2004-07-06,2004-07-20,1445.71,1421.07,10,-1.744
2005-01-04,2005-01-10,1571.83,1564.92,4,-0.479
2005-01-24,2005-01-26,1480.66,1509.01,2,1.874
2005-02-22,2005-02-24,1494.07,1517.71,2,1.542
2005-06-23,2005-07-05,1515.95,1506.35,7,-0.673
2005-12-19,2005-12-22,1664.36,1683.35,3,1.101
2005-12-30,2006-01-03,1645.2,1679.93,1,2.07
2006-02-03,2006-02-08,1664.53,1670.47,3,0.317
2006-03-09,2006-03-14,1645.09,1681.15,3,2.151
2006-05-11,2006-05-25,1657.48,1599.68,10,-3.526
2006-12-22,2006-12-27,1748.61,1763.41,2,0.806
2007-02-27,2007-03-06,1756.27,1743.1,5,-0.79
2007-06-07,2007-06-13,1882.17,1913.87,4,1.644
2007-08-16,2007-08-17,1846.09,1888.78,1,2.272
2007-11-09,2007-11-16,2034.3,2048.62,5,0.664
2007-12-17,2007-12-20,2020.8,2069.68,3,2.378
2008-01-02,2008-01-10,2049.71,1953.64,6,-4.725
2009-06-15,2009-06-19,1456.96,1471.23,4,0.939
2009-07-07,2009-07-10,1404.78,1419.84,3,1.032
2009-09-01,2009-09-04,1595.84,1638.07,3,2.605
2009-09-25,2009-09-28,1694.15,1724.59,1,1.756
2009-10-27,2009-11-05,1722.46,1721.09,7,-0.119
2010-05-07,2010-05-10,1849.44,1942.61,1,4.996
2010-06-24,2010-07-07,1844.59,1789.72,8,-3.013
2010-10-04,2010-10-05,1975.33,2024.63,1,2.455
2010-11-16,2010-11-18,2093.63,2134.77,2,1.924
2011-02-22,2011-02-25,2322.86,2346.29,3,0.968
2011-03-16,2011-03-21,2202.97,2262.7,3,2.67
2011-04-12,2011-04-20,2298.3,2357.76,6,2.546
2011-05-05,2011-05-09,2375.21,2390.97,2,0.623
2011-06-08,2011-06-14,2252.89,2250.34,4,-0.153
2011-08-02,2011-08-08,2292.85,2060.29,4,-10.179
2012-05-04,2012-05-18,2637.92,2478.53,10,-6.08
2012-07-11,2012-07-13,2570.99,2584.97,2,0.504
2012-09-25,2012-10-02,2804.53,2799.29,5,-0.227
2012-10-09,2012-10-15,2741.92,2739.87,4,-0.115
2013-06-24,2013-06-26,2848.2,2893.85,2,1.562
2013-11-07,2013-11-12,3321.41,3365.23,3,1.279
2014-01-27,2014-01-30,3509.02,3532.41,3,0.626
2014-12-16,2014-12-18,4089.6,4267.77,2,4.315
2015-01-05,2015-01-08,4160.96,4240.55,3,1.872
2015-01-15,2015-01-20,4089.65,4171.21,2,1.954
2015-03-26,2015-03-30,4315.26,4382.82,2,1.525
2015-06-08,2015-06-10,4431.51,4485.46,2,1.177
2015-06-29,2015-07-02,4379.87,4433.39,3,1.181
2015-07-27,2015-07-29,4519.09,4581.6,2,1.343
2015-08-20,2015-08-25,4385.13,4016.32,3,-8.447
2015-11-11,2015-11-18,4636.94,4653.44,5,0.316
2016-04-22,2016-05-06,4474.19,4330.17,10,-3.258
2016-06-13,2016-06-21,4422.76,4413.4,6,-0.252
2016-09-09,2016-09-14,4681.54,4746.06,3,1.338
2016-11-01,2016-11-07,4766.94,4773.73,4,0.102
2017-04-12,2017-04-17,5377.03,5399.2,2,0.372
2017-08-10,2017-08-14,5788.19,5908.17,2,2.032
2017-09-25,2017-09-27,5867.35,5937.79,2,1.16
2018-02-02,2018-02-12,6760.29,6523.85,6,-3.536
2018-03-19,2018-03-26,6864.88,6753.83,5,-1.657
2018-04-24,2018-04-26,6509.05,6649.65,2,2.119
2018-06-25,2018-06-29,7038.17,7040.8,4,-0.003
2018-09-06,2018-09-11,7453.17,7507.87,3,0.694
2018-10-05,2018-10-16,7399.01,7276.43,7,-1.696
2019-05-13,2019-05-15,7324.13,7503.25,2,2.405
2019-05-29,2019-06-04,7216.86,7166.75,4,-0.734
2019-08-02,2019-08-08,7692.8,7724.83,4,0.376
2019-09-24,2019-09-30,7710.04,7749.45,4,0.471
2020-02-24,2020-03-02,9079.63,8877.98,5,-2.26
2020-09-08,2020-09-14,11068.26,11277.76,4,1.852
2021-02-22,2021-03-01,13223.74,13282.95,5,0.408
2021-05-04,2021-05-07,13544.67,13719.63,3,1.251
2021-05-12,2021-05-14,13001.63,13393.12,2,2.97
2021-07-19,2021-07-21,14549.09,14842.63,2,1.977
2021-08-18,2021-08-20,14857.92,15092.57,2,1.539
2021-09-10,2021-09-15,15440.75,15503.53,3,0.366
2021-09-20,2021-09-23,15012.19,15316.58,3,1.987
2021-09-30,2021-10-06,14689.62,14766.75,4,0.485
2022-01-07,2022-01-11,15592.19,15844.12,2,1.575
2023-04-25,2023-04-27,12725.11,13160.03,2,3.376
2023-09-21,2023-09-28,14694.24,14702.77,5,0.018
2023-10-20,2023-10-24,14560.88,14745.86,2,1.23
2024-01-02,2024-01-08,16543.94,16649.87,4,0.6
2024-04-18,2024-04-23,17394.31,17471.47,3,0.403
2024-07-19,2024-07-23,19522.62,19754.34,2,1.146
2024-09-06,2024-09-10,18421.31,18829.14,2,2.173
2024-11-15,2024-11-20,20394.13,20667.1,3,1.298
2025-02-21,2025-03-05,21614.08,20628.46,8,-4.598
2025-08-01,2025-08-04,22763.31,23188.61,1,1.828
2025-08-19,2025-08-22,23384.77,23498.12,3,0.445
2025-11-18,2025-11-24,24503.1,24873.85,4,1.472
2025-12-15,2025-12-18,25067.27,25019.37,3,-0.231
2025-12-31,2026-01-05,25249.85,25401.32,2,0.56
2026-01-20,2026-01-22,24987.57,25518.35,2,2.083
2026-02-05,2026-02-09,24548.69,25268.14,2,2.89
2026-06-05,2026-06-11,28957.6,29446.18,4,1.647
